{
  "time": "2026-03-26T16:31:22.042301Z",
  "n_queries": 500,
  "inertia": 5,
  "dataset": "uniform_20d",
  "static_recalls": [
    0.3281,
    0.5511999999999999,
    0.6912,
    0.7861,
    0.8586,
    0.8993,
    0.9284000000000001,
    0.9542999999999999,
    0.9682999999999999,
    0.9757999999999999,
    0.9818,
    0.9873,
    0.9898999999999999,
    0.9936999999999999,
    0.9967,
    0.9976,
    0.9976,
    0.9983000000000001,
    0.9993000000000001,
    0.999
  ],
  "dynamic_recalls": [
    0.3281,
    0.5511999999999999,
    0.6912,
    0.7821,
    0.8497,
    0.8855000000000001,
    0.9168,
    0.942,
    0.9582,
    0.9675,
    0.9771000000000001,
    0.9810000000000001,
    0.9858,
    0.9912000000000001,
    0.9924,
    0.9942,
    0.9954000000000001,
    0.9963,
    0.9978,
    0.9981
  ],
  "static_qps": [
    3252.3363326478643,
    1613.7921906429922,
    1058.3087362933215,
    786.7183654850365,
    621.8389918458117,
    515.0126226657891,
    442.22973065585484,
    387.32202393133093,
    342.12220789701774,
    305.5333216975873,
    276.06768051766903,
    252.05093535728665,
    233.98913976339912,
    218.41515618415863,
    204.4331582731183,
    192.04289434642706,
    177.43714721376182,
    168.1639955627809,
    159.27444772910997,
    151.31317254894577
  ],
  "dynamic_qps": [
    2307.3822077087607,
    1231.675674024862,
    830.2363052609493,
    635.0899145825093,
    499.4059714337628,
    425.08815328496155,
    369.0682994364769,
    324.50853749945065,
    290.02276451457345,
    254.27627873692654,
    232.5277796226626,
    214.37960717912117,
    199.00228983128352,
    186.26704726221496,
    176.04508173498866,
    165.3697085627307,
    144.9811469037189,
    137.4022324901344,
    131.91730963044822,
    125.20813522835873
  ]
}