{
  "time": "2026-02-26T05:19:59.473368Z",
  "n_queries": 500,
  "inertia": 5,
  "dataset": "pubmed",
  "static_recalls": [
    0.1548,
    0.2933,
    0.3887,
    0.4829,
    0.5544,
    0.6119,
    0.6675,
    0.714,
    0.746,
    0.7842,
    0.8057000000000001,
    0.8249000000000001,
    0.849,
    0.8627,
    0.8840999999999999,
    0.89,
    0.8987,
    0.9148999999999999,
    0.9188000000000001,
    0.9291
  ],
  "dynamic_recalls": [
    0.17729999999999999,
    0.4037,
    0.5352,
    0.6422,
    0.7202,
    0.7708999999999999,
    0.8223,
    0.8516,
    0.8724999999999999,
    0.8946999999999999,
    0.9122999999999999,
    0.9268000000000001,
    0.931,
    0.9410999999999999,
    0.9490000000000001,
    0.9549,
    0.9599,
    0.9628,
    0.9695,
    0.9682999999999999
  ],
  "static_qps": [
    842.2936520081244,
    412.83413617223994,
    275.11198817563337,
    207.04158914276383,
    165.93645149927,
    138.7924883034275,
    119.25613223244264,
    104.5865065457082,
    93.1261207518006,
    84.03290565407502,
    76.61761229767859,
    70.40134451786497,
    65.06524683925113,
    59.853976016648986,
    56.193324250699455,
    52.93536631130014,
    49.762338581617975,
    47.26635350826266,
    44.908880874496916,
    42.83775185551949
  ],
  "dynamic_qps": [
    792.4259095800636,
    408.81207859539467,
    274.7291716474368,
    209.12000264846193,
    167.24425684814398,
    140.37507751194943,
    121.01797768629474,
    106.19572453681234,
    93.73179943742649,
    84.63823289147199,
    76.82378048615195,
    70.51678093681865,
    63.92038821765323,
    59.950373150445635,
    55.936821845199866,
    52.49363883034227,
    49.464804603888986,
    46.71378841189977,
    43.84369761272167,
    41.65407154331967
  ]
}