{
  "time": "2026-03-04T00:07:25.460912Z",
  "n_queries": 500,
  "inertia": 5,
  "dataset": "glove",
  "static_recalls": [
    0.0671,
    0.1272,
    0.1815,
    0.2237,
    0.26230000000000003,
    0.3048,
    0.3469,
    0.3819,
    0.41180000000000005,
    0.4298,
    0.4606,
    0.4822,
    0.5061,
    0.5311,
    0.5405,
    0.5639000000000001,
    0.5791999999999999,
    0.5936,
    0.614,
    0.6285000000000001
  ],
  "dynamic_recalls": [
    0.0717,
    0.1572,
    0.2338,
    0.2984,
    0.3433,
    0.3831,
    0.4368,
    0.4643,
    0.4907,
    0.522,
    0.5388,
    0.5631,
    0.5900000000000001,
    0.5949,
    0.6189,
    0.6404,
    0.6474,
    0.6691,
    0.682,
    0.6866
  ],
  "ouroboros_recalls": [
    0.2121,
    0.3318,
    0.41200000000000003,
    0.45709999999999995,
    0.4826,
    0.5053,
    0.5355000000000001,
    0.5455,
    0.5570999999999999,
    0.5766,
    0.5859,
    0.6007,
    0.623,
    0.623,
    0.6433,
    0.6613,
    0.6654,
    0.6844,
    0.6945,
    0.6990000000000001
  ],
  "static_qps": [
    2800.777269540249,
    1378.6114438149732,
    911.6078344775783,
    676.2659154435428,
    535.4286642163496,
    442.2882084428956,
    376.5306783829781,
    328.91863563083416,
    291.39799065287457,
    261.1920203837065,
    237.76139102893904,
    217.006510240837,
    200.40866260756252,
    185.98414398333023,
    173.58872948633297,
    162.84514339661496,
    153.28378856732,
    144.6144470049912,
    137.60830865596546,
    130.68244380267697
  ],
  "dynamic_qps": [
    2438.443927412425,
    1264.1159936756587,
    860.6521686493337,
    643.6083155410169,
    518.8790748044695,
    434.4193444078415,
    373.8593392457181,
    321.49981902573757,
    288.2115850185915,
    259.58388636867477,
    238.1377771898259,
    218.9774878848026,
    203.05499612703332,
    188.70850850818425,
    173.35287441548275,
    162.0867406502554,
    153.76512858180976,
    145.58856280278422,
    138.70628100781693,
    131.81724527330832
  ],
  "ouroboros_qps": [
    752.1191941825986,
    431.80569205075955,
    352.4349777706448,
    300.93039153702153,
    274.8509431605672,
    254.37519088886103,
    237.08891738824505,
    222.67882643491342,
    216.66270634154807,
    202.956897673007,
    193.2144359878692,
    184.37074876879686,
    176.03438305847686,
    167.46813165506813,
    157.32973254158526,
    149.83760552711365,
    144.05331990673275,
    137.06301585665594,
    132.22355143741234,
    126.55664861247965
  ]
}