{
  "time": "2026-02-20T22:04:50.998637Z",
  "n_queries": 500,
  "inertia": 5,
  "dataset": "glove",
  "static_recalls": [
    0.0671,
    0.1272,
    0.1815,
    0.2237,
    0.26230000000000003,
    0.3048,
    0.3469,
    0.3819,
    0.41180000000000005,
    0.4298,
    0.4606,
    0.4822,
    0.5061,
    0.5311,
    0.5405,
    0.5639000000000001,
    0.5791999999999999,
    0.5936,
    0.614,
    0.6285000000000001
  ],
  "dynamic_recalls": [
    0.0717,
    0.1572,
    0.2338,
    0.2984,
    0.3433,
    0.3831,
    0.4368,
    0.4643,
    0.4907,
    0.522,
    0.5388,
    0.5631,
    0.5900000000000001,
    0.5949,
    0.6189,
    0.6404,
    0.6474,
    0.6691,
    0.682,
    0.6866
  ],
  "static_qps": [
    2799.435081040241,
    1381.5084952991274,
    915.0229153649879,
    681.5520450929209,
    540.0740957826798,
    446.442777400861,
    379.52528935574776,
    331.0640435413171,
    293.0905521274847,
    264.93840470633955,
    238.3440641002459,
    217.99536141156787,
    201.38305658693807,
    187.5261999018532,
    175.0091232645039,
    163.7352478168459,
    154.80029183313073,
    145.8191357716948,
    138.16654100593763,
    131.17406982308108
  ],
  "dynamic_qps": [
    2421.0860502676624,
    1254.2512567021624,
    858.1053572254231,
    642.6779555680316,
    517.2411071561053,
    432.2760000733806,
    372.04529717913596,
    319.7556554683555,
    285.82456522924275,
    259.61843189453003,
    235.61318915795005,
    217.0515421237839,
    200.6003417323975,
    187.53314231437218,
    172.1619170141193,
    159.61267088144484,
    152.38267965393254,
    144.4711780567424,
    137.46664774479598,
    130.8251166517386
  ]
}