{
  "time": "2026-02-20T16:25:19.620328Z",
  "n_queries": 500,
  "inertia": 5,
  "dataset": "glove",
  "static_recalls": [
    0.0671,
    0.10029999999999999,
    0.1255,
    0.1564,
    0.1777,
    0.1973,
    0.2265,
    0.2472,
    0.2707,
    0.2922,
    0.3194,
    0.32799999999999996,
    0.34550000000000003,
    0.3608,
    0.382,
    0.3877,
    0.40469999999999995,
    0.4269,
    0.43789999999999996
  ],
  "dynamic_recalls": [
    0.0717,
    0.11679999999999999,
    0.1617,
    0.1965,
    0.22290000000000001,
    0.262,
    0.28559999999999997,
    0.319,
    0.3408,
    0.368,
    0.3895,
    0.4041,
    0.4265,
    0.43899999999999995,
    0.4506,
    0.4803,
    0.49450000000000005,
    0.5143,
    0.5214000000000001
  ],
  "static_times": [
    2801.607902179271,
    1857.9485552994208,
    1380.5472153082835,
    1104.3117166510976,
    913.009596136817,
    781.0037311918177,
    681.304501221841,
    604.9792210324807,
    539.780927115295,
    488.781904866675,
    445.68082215245045,
    410.9601013510534,
    380.1289444582504,
    353.7144323075571,
    329.99963965455305,
    310.6873901024868,
    293.493427035433,
    277.7992371075791,
    263.42963540689897
  ],
  "dynamic_times": [
    2416.725246206927,
    1658.0032983731082,
    1254.3397788287336,
    1025.2515277438279,
    858.7111094914482,
    740.3621333451952,
    641.9490818528301,
    576.0088419326017,
    518.1202959964581,
    472.57984882597094,
    433.3203987167869,
    401.31081537500324,
    373.3132918202964,
    339.88897116728407,
    319.2474283568291,
    301.00606532779153,
    286.05661682703953,
    271.87558257145844,
    258.8347971188357
  ]
}