{
  "time": "2026-04-20T23:09:44.387687Z",
  "n_queries": 500,
  "inertia": 5,
  "dataset": "glove",
  "static_recalls": [
    0.04564,
    0.08544,
    0.12412000000000001,
    0.15772,
    0.18796,
    0.21962,
    0.24952000000000002,
    0.2777,
    0.30244,
    0.32704,
    0.35119999999999996,
    0.36956000000000006,
    0.39302,
    0.41042,
    0.42412,
    0.44682,
    0.46236,
    0.47594000000000003,
    0.49598,
    0.50674
  ],
  "dynamic_recalls": [
    0.0373,
    0.08924,
    0.14128,
    0.18772,
    0.23032,
    0.2576,
    0.30272,
    0.34724,
    0.37485999999999997,
    0.40096,
    0.41481999999999997,
    0.4415,
    0.46148000000000006,
    0.48606,
    0.504,
    0.52452,
    0.5379999999999999,
    0.55992,
    0.57186,
    0.58694
  ],
  "static_qps": [
    3278.5724782460516,
    1610.9645191001068,
    1063.5729098148443,
    790.8779202285649,
    630.7208884910954,
    516.3303171520525,
    439.45256184160235,
    382.1341804180358,
    338.5439821832551,
    303.24486079148835,
    275.18678737266316,
    253.0731924649268,
    233.52438928110547,
    216.6648328459503,
    202.2923843932657,
    189.73062646466266,
    178.62673508559962,
    168.66935955087177,
    159.9995849620141,
    151.8152259562779
  ],
  "dynamic_qps": [
    2318.3068853256395,
    1254.9244885820322,
    878.1833934449638,
    664.6288727196436,
    544.4071091248168,
    456.5901739423693,
    394.9911147566611,
    340.13974399730114,
    304.84071446461013,
    277.68991448247226,
    254.06295604145058,
    236.5963284535822,
    218.66710320453902,
    204.62716598060877,
    187.74442718331525,
    175.8382988470975,
    166.54877265945453,
    158.13469777273204,
    150.62967186587474,
    143.4045982698877
  ]
}