{
  "time": "2026-03-04T15:00:02.267248Z",
  "n_queries": 500,
  "inertia": 5,
  "dataset": "mf_dino2",
  "static_recalls": [
    0.21539999999999998,
    0.3552,
    0.44930000000000003,
    0.53,
    0.6101,
    0.653,
    0.6916,
    0.7358,
    0.7573000000000001,
    0.7902,
    0.8051,
    0.827,
    0.8419000000000001,
    0.8523,
    0.8709,
    0.8757999999999999,
    0.8951,
    0.8962,
    0.9056,
    0.9221
  ],
  "dynamic_recalls": [
    0.2536,
    0.5058,
    0.6146,
    0.7071,
    0.769,
    0.8041,
    0.8362999999999999,
    0.861,
    0.8805999999999999,
    0.8936,
    0.9077,
    0.9175000000000001,
    0.9255000000000001,
    0.9367000000000001,
    0.9406000000000001,
    0.9475,
    0.9486000000000001,
    0.9564999999999999,
    0.9574999999999999,
    0.9624
  ],
  "ouroboros_recalls": [
    0.52,
    0.7018,
    0.7674000000000001,
    0.8132999999999999,
    0.8431,
    0.8587,
    0.8733000000000001,
    0.8839,
    0.9017,
    0.9056,
    0.917,
    0.9259999999999999,
    0.9305,
    0.9404999999999999,
    0.9455,
    0.951,
    0.9509000000000001,
    0.958,
    0.9587999999999999,
    0.9634
  ],
  "static_qps": [
    804.2127416106405,
    392.0626985643357,
    260.7019272891998,
    196.06076377381294,
    157.5428521933717,
    131.27991456469184,
    113.26781451522567,
    99.29440271099052,
    88.51442866325888,
    79.64236826400007,
    72.68158560940981,
    66.79716810727236,
    61.807140450127314,
    57.136785412839885,
    53.48179367638036,
    50.224707543709634,
    47.70926909351156,
    45.17849133173329,
    42.79608931274013,
    40.31973210412373
  ],
  "dynamic_qps": [
    769.6216356265319,
    391.82975530445225,
    264.4898931069118,
    201.2406348801798,
    161.41055674755364,
    135.74397680570905,
    116.88369956188788,
    97.41224568514073,
    76.10371694894914,
    81.77785985733547,
    74.38575458204497,
    68.56885622293615,
    60.015989939794046,
    58.38805087861662,
    54.52044412665255,
    49.92499889896813,
    48.51236522254643,
    45.80587809980061,
    42.97185496277682,
    40.26288587748682
  ],
  "ouroboros_qps": [
    297.9448692767511,
    191.23309506158319,
    150.33675285827016,
    131.30123554460644,
    118.64382232392428,
    107.51657632152109,
    99.16384974110512,
    84.00956397789983,
    67.03832252289534,
    76.47027142863863,
    70.27925214622708,
    65.38138528281588,
    58.98551314478595,
    57.27939533074842,
    53.452367401221096,
    48.26545114362187,
    47.895362635253484,
    45.25057464280314,
    42.623214436259516,
    39.98399307192637
  ]
}