{
  "time": "2026-04-21T04:21:46.871550Z",
  "n_queries": 500,
  "inertia": 5,
  "dataset": "mf_dino2",
  "static_recalls": [
    0.1499,
    0.26374,
    0.34232,
    0.41723999999999994,
    0.48607999999999996,
    0.53192,
    0.57738,
    0.61902,
    0.64432,
    0.67998,
    0.7034999999999999,
    0.72822,
    0.7503799999999999,
    0.76358,
    0.78156,
    0.7965399999999999,
    0.81304,
    0.82584,
    0.8347199999999999,
    0.85004
  ],
  "dynamic_recalls": [
    0.171,
    0.34618000000000004,
    0.46985999999999994,
    0.57164,
    0.63704,
    0.69786,
    0.7337600000000001,
    0.77508,
    0.7998999999999999,
    0.82516,
    0.84114,
    0.8575400000000001,
    0.87324,
    0.88214,
    0.8963599999999999,
    0.9027200000000001,
    0.9108799999999999,
    0.91916,
    0.92574,
    0.92904
  ],
  "static_qps": [
    944.5349977322894,
    458.98659952568255,
    304.5862248409607,
    229.04989736643384,
    183.80635278813676,
    153.9449253314788,
    131.77882041180754,
    115.91184617219615,
    102.82200702149373,
    92.80033545531417,
    84.51621600327724,
    77.79639884053559,
    71.93058149001854,
    66.87364424868713,
    61.32845049591147,
    58.71744413903507,
    55.38200381704084,
    52.56598802970964,
    49.839256875203844,
    47.45823451915179
  ],
  "dynamic_qps": [
    799.593102570027,
    420.9504520824698,
    287.5372797901034,
    220.6357890129868,
    178.33777430520064,
    150.7337044022264,
    130.2207146332637,
    115.21350861511533,
    101.98194870412318,
    91.69769674879363,
    83.78884806914664,
    76.99886705682718,
    71.06655474862664,
    65.99401911579459,
    61.10006643895698,
    57.85774239947277,
    54.524895089433585,
    51.6653679816533,
    48.5035877448528,
    45.8788397690788
  ]
}