{
  "time": "2026-02-24T07:31:21.289097Z",
  "n_queries": 500,
  "inertia": 5,
  "dataset": "mf_dino2",
  "static_recalls": [
    0.21539999999999998,
    0.3552,
    0.44930000000000003,
    0.53,
    0.6101,
    0.653,
    0.6916,
    0.7358,
    0.7573000000000001,
    0.7902,
    0.8051,
    0.827,
    0.8419000000000001,
    0.8523,
    0.8709,
    0.8757999999999999,
    0.8951,
    0.8962,
    0.9056,
    0.9221
  ],
  "dynamic_recalls": [
    0.2536,
    0.5058,
    0.6146,
    0.7071,
    0.769,
    0.8041,
    0.8362999999999999,
    0.861,
    0.8805999999999999,
    0.8936,
    0.9077,
    0.9175000000000001,
    0.9255000000000001,
    0.9367000000000001,
    0.9406000000000001,
    0.9475,
    0.9486000000000001,
    0.9564999999999999,
    0.9574999999999999,
    0.9624
  ],
  "static_qps": [
    799.3483705643097,
    391.6095198472068,
    260.917849182498,
    196.59916532500822,
    157.61865618677533,
    131.68196733293206,
    113.24109901457686,
    99.5843450320392,
    88.40070022443382,
    79.91173689155738,
    72.63695966841986,
    66.65554867859151,
    61.85964459269232,
    57.113282862322244,
    53.421408500459705,
    50.24321752548071,
    47.32430893858908,
    44.83510035033622,
    42.487739619966305,
    40.521180153248615
  ],
  "dynamic_qps": [
    764.2011033287529,
    388.3932002595027,
    263.24769888353154,
    198.95754561295306,
    160.00599387687635,
    134.70379965646276,
    116.24678584581505,
    102.63532455738482,
    90.43010130455694,
    81.78820597371767,
    74.27851901564047,
    68.07114161896757,
    63.06475059548567,
    57.88386038099945,
    54.131102739452174,
    50.734475269002054,
    47.77046436200107,
    45.19168494477134,
    42.49224030815562,
    40.240160123122514
  ]
}