{
  "time": "2026-04-22T11:53:00.753056Z",
  "n_queries": 500,
  "inertia": 5,
  "dataset": "gooaq",
  "static_recalls": [
    0.2422,
    0.36272,
    0.45296,
    0.5103,
    0.56506,
    0.6024,
    0.63832,
    0.66996,
    0.68604,
    0.7143600000000001,
    0.7376999999999999,
    0.75322,
    0.76642,
    0.77904,
    0.7989799999999999,
    0.8107,
    0.8209399999999999,
    0.8247599999999999,
    0.8336199999999999,
    0.84822
  ],
  "dynamic_recalls": [
    0.18918,
    0.33043999999999996,
    0.45554,
    0.54266,
    0.58838,
    0.64568,
    0.67584,
    0.71768,
    0.7315200000000001,
    0.76498,
    0.76422,
    0.7961400000000001,
    0.8118000000000001,
    0.826,
    0.83686,
    0.84288,
    0.8528199999999999,
    0.8628199999999999,
    0.86584,
    0.86934
  ],
  "static_qps": [
    1212.6731056464143,
    593.0059774176391,
    390.9693921304703,
    294.06575686296503,
    236.08475785392108,
    197.31258474205907,
    169.7147558267342,
    148.78517233707325,
    132.64215985744752,
    119.89109166847605,
    108.86435814473488,
    100.14468592829425,
    92.30986470476277,
    85.81323940526774,
    80.18008280698497,
    75.44082650101345,
    70.86021991498876,
    66.93549143846361,
    63.45589014218384,
    60.53662273831493
  ],
  "dynamic_qps": [
    977.4248469767509,
    511.71753092348195,
    351.4020545727884,
    270.5926116410388,
    220.7149488335213,
    185.7157810487284,
    159.77918699697395,
    141.31948192811842,
    126.43891465515547,
    114.68070164847165,
    104.33165370053025,
    95.63598611157855,
    87.34308797868466,
    81.29744260349428,
    75.6455993972453,
    71.1580266883317,
    67.00167204499553,
    62.92927852895514,
    59.44569391666318,
    56.5323413260011
  ]
}