{
  "time": "2026-02-23T15:55:03.263453Z",
  "n_queries": 500,
  "inertia": 5,
  "dataset": "gooaq",
  "static_recalls": [
    0.43289999999999995,
    0.5815,
    0.6602,
    0.7221,
    0.7469,
    0.7895,
    0.8173999999999999,
    0.841,
    0.8455,
    0.8707,
    0.8846999999999999,
    0.8913,
    0.9,
    0.9055,
    0.9212999999999999,
    0.9295,
    0.933,
    0.9324999999999999,
    0.9381999999999999,
    0.9407
  ],
  "dynamic_recalls": [
    0.4641,
    0.6239,
    0.7187,
    0.7734,
    0.8117000000000001,
    0.8318,
    0.8573999999999999,
    0.876,
    0.8851000000000001,
    0.8957,
    0.9021000000000001,
    0.9144,
    0.9215,
    0.9221,
    0.9315,
    0.9321999999999999,
    0.9423,
    0.9395,
    0.9416,
    0.9446999999999999
  ],
  "static_qps": [
    1047.8974863775704,
    513.7313348011708,
    337.1171738864848,
    253.79091612969432,
    203.90764518518714,
    170.53254992167618,
    146.54239858893462,
    128.88735926053394,
    114.36968682374007,
    103.26727365892519,
    94.24051960555045,
    86.33232365729417,
    79.1671808511301,
    74.0906081186257,
    69.23591539159003,
    64.98595683057486,
    61.31886410490713,
    57.82555495825502,
    54.81266873864621,
    52.17133576229646
  ],
  "dynamic_qps": [
    975.5520284615399,
    492.4778694560921,
    329.2074712278297,
    250.19792478428704,
    202.35582227750072,
    168.38821840031065,
    145.1344687235051,
    127.48990808443244,
    113.17412106454321,
    102.0884458031668,
    92.98439061751304,
    84.56977930661759,
    77.14642625310448,
    71.92183153965901,
    66.99648998339298,
    62.74056285185421,
    58.925448553972586,
    55.63315572159462,
    52.41908674322648,
    49.774924232842324
  ]
}