{
  "time": "2026-03-25T17:57:16.172241Z",
  "n_queries": 500,
  "inertia": 5,
  "dataset": "uniform",
  "static_recalls": [
    0.0178,
    0.0363,
    0.05639999999999999,
    0.0693,
    0.0879,
    0.1066,
    0.1262,
    0.1338,
    0.1517,
    0.1713,
    0.1752,
    0.1992,
    0.22599999999999998,
    0.23399999999999999,
    0.2392,
    0.2597,
    0.2739,
    0.2797,
    0.2914,
    0.309
  ],
  "dynamic_recalls": [
    0.018099999999999998,
    0.028000000000000004,
    0.0369,
    0.0446,
    0.0626,
    0.06870000000000001,
    0.07970000000000001,
    0.0902,
    0.0991,
    0.11200000000000002,
    0.12250000000000001,
    0.1311,
    0.1419,
    0.1484,
    0.16040000000000001,
    0.1662,
    0.1814,
    0.1965,
    0.19519999999999998,
    0.21000000000000002
  ],
  "static_qps": [
    1180.925244459711,
    582.55403512349,
    383.5988180086317,
    287.8368576038255,
    229.89365585539565,
    191.43258419273974,
    164.10217887171302,
    143.72305088283898,
    127.16219948587022,
    114.29759246329321,
    103.88089108583279,
    95.45877224154499,
    88.36691531350853,
    82.15727084003971,
    76.73594440812425,
    72.65770880873276,
    68.1860774706769,
    64.5185544928763,
    61.21453324426296,
    58.04960060506717
  ],
  "dynamic_qps": [
    1097.1283165192426,
    564.2702122976698,
    372.8925850251715,
    282.2862153223328,
    223.99444252069796,
    188.30908898589303,
    162.44393398763208,
    142.26813788982597,
    123.89192846170283,
    112.12374570317023,
    102.06350440036051,
    93.49686594203303,
    86.2310010011035,
    79.94286919740509,
    74.62555861473261,
    70.62741086554102,
    66.05845633112285,
    61.05943692255956,
    58.24161614797153,
    55.225684059565154
  ]
}