{
  "time": "2026-04-21T10:45:17.533892Z",
  "n_queries": 500,
  "inertia": 5,
  "dataset": "laion",
  "static_recalls": [
    0.17532,
    0.31958,
    0.41308,
    0.49992,
    0.55808,
    0.61312,
    0.6584,
    0.69584,
    0.72812,
    0.75534,
    0.7775,
    0.7978000000000001,
    0.81754,
    0.8334999999999999,
    0.8470399999999999,
    0.8645999999999999,
    0.87516,
    0.88554,
    0.89228,
    0.9023399999999999
  ],
  "dynamic_recalls": [
    0.18661999999999998,
    0.39043999999999995,
    0.5221,
    0.62238,
    0.68958,
    0.7367199999999999,
    0.77598,
    0.8079000000000001,
    0.83666,
    0.8571599999999999,
    0.87492,
    0.89024,
    0.8992,
    0.90862,
    0.9193000000000001,
    0.92746,
    0.9350799999999999,
    0.9413800000000001,
    0.94396,
    0.95
  ],
  "static_qps": [
    2725.2622728625397,
    1338.373301866503,
    884.1207072453014,
    657.0156795123712,
    519.5078781362984,
    429.4478728615169,
    366.5978566155629,
    320.8812286917104,
    284.37332025789993,
    256.06670487649006,
    233.0291099711007,
    213.56535624233686,
    197.31518378478415,
    183.12862312101558,
    171.36057379487787,
    160.6870563276497,
    151.40617042637422,
    143.3428660480427,
    135.79647830204672,
    129.25371528191445
  ],
  "dynamic_qps": [
    1865.2293790134656,
    1035.8597852759524,
    717.1111099712937,
    552.3417117085322,
    454.7312802305539,
    383.17016437119247,
    326.4122454398596,
    290.68711262720103,
    261.7467012258768,
    239.60474138502298,
    219.231238845838,
    202.61645157257422,
    186.199737261647,
    172.9435313086745,
    161.84748049443175,
    152.2610469834677,
    144.3690480050463,
    137.07688423098023,
    129.99459665823426,
    124.94403395562313
  ]
}