{
  "time": "2026-02-21T12:17:19.269245Z",
  "n_queries": 500,
  "inertia": 5,
  "dataset": "laion",
  "static_recalls": [
    0.2519,
    0.4415,
    0.5457,
    0.6265,
    0.6927,
    0.7418,
    0.7826,
    0.8172,
    0.8356999999999999,
    0.8554,
    0.8751,
    0.8922000000000001,
    0.9041,
    0.9132999999999999,
    0.923,
    0.9319000000000001,
    0.9399,
    0.9475,
    0.9513,
    0.9551000000000001
  ],
  "dynamic_recalls": [
    0.29500000000000004,
    0.5267000000000001,
    0.6764,
    0.7542,
    0.8031,
    0.8423999999999999,
    0.8728,
    0.8928,
    0.9107,
    0.9208000000000001,
    0.9357,
    0.9446999999999999,
    0.9513,
    0.9544,
    0.9640000000000001,
    0.9662000000000001,
    0.9701000000000001,
    0.9728999999999999,
    0.9757999999999999,
    0.9795
  ],
  "static_qps": [
    2322.9342392526387,
    1146.6131437066326,
    757.7478345953118,
    565.7914935623962,
    447.60565406411206,
    371.9591176144552,
    317.7469329870744,
    278.4093715068595,
    247.61857082605803,
    221.9763054028631,
    202.07097621246805,
    185.194127131278,
    171.16767478507444,
    159.95732339783308,
    149.1916737872012,
    139.93493663882361,
    131.67121925994962,
    124.67822033521445,
    118.51279203981787,
    112.63047095619991
  ],
  "dynamic_qps": [
    2000.08774188626,
    1029.4483352076738,
    692.821050718952,
    528.8715979212843,
    424.33288758340615,
    355.7597260662052,
    304.16954751061,
    268.26956668458837,
    241.23501535302998,
    218.2742574945805,
    199.8238209510143,
    183.55710155197352,
    167.7277188636099,
    156.46721589120162,
    146.13341382979695,
    137.25448232336868,
    128.6739281278429,
    121.89793122176701,
    116.6678970519653,
    110.97293562570468
  ]
}